{
  "make": "Honda",
  "model": "Civic Type-R",
  "year": 2000,
  "tyre": {
    "width": 195,
    "aspect": 55,
    "rim": 15.0
  },
  "final_drive": 4.400000095367432,
  "gear_ratios": {
    "1": 3.2300000190734863,
    "2": 2.1050000190734863,
    "3": 1.4579999446868896,
    "4": 1.1069999933242798,
    "5": 0.8479999899864197
  }
}